{"accuracy": 0.9588791245232963, "precision": 0.9588791245232963, "recall": 0.9588791245232963}